model,category,sample_count,success_count,failure_count,failure_rate,exact_accuracy,normalized_accuracy,latency_mean_ms,latency_p50_ms,latency_p95_ms,latency_max_ms,initialization_ms,peak_vram_mb
texteller,all,6332,6332,0,0.0,0.0,0.9091914087176247,620.8602734838913,552.0731000000001,1204.8282599999998,4754.9158,31610.5107,1264.414
texteller,arithmetic,138,138,0,0.0,0.0,0.9492753623188406,411.5959434782609,322.9713,764.9015600000001,1268.8705,31610.5107,1264.414
texteller,equation,1599,1599,0,0.0,0.0,0.9568480300187617,597.7702542213884,534.9852,1092.7098399999998,2195.4789,31610.5107,1264.414
texteller,exponent,216,216,0,0.0,0.0,0.9814814814814815,522.3683541666667,474.2545,927.8629,1467.8999,31610.5107,1264.414
texteller,fraction,2069,2069,0,0.0,0.0,0.9482841952634122,725.2952859352343,656.9705,1358.3402399999998,4754.9158,31610.5107,1264.414
texteller,integral,194,194,0,0.0,0.0,0.7577319587628866,544.871374742268,465.13104999999996,1084.7032349999997,2155.1476,31610.5107,1264.414
texteller,limit,99,99,0,0.0,0.0,0.0707070707070707,686.2532898989899,606.178,1252.6714999999992,2269.5051,31610.5107,1264.414
texteller,logarithm,47,47,0,0.0,0.0,0.9787234042553191,388.0247680851064,343.5353,685.8338399999998,762.7322,29167.0478,1264.414
texteller,nested_fraction,4,4,0,0.0,0.0,1.0,930.4621,960.27025,1151.89832,1166.1683,28444.8796,1250.539
texteller,partial_derivative,1,1,0,0.0,0.0,1.0,1038.6575,1038.6575,1038.6575,1038.6575,21369.5807,1243.226
texteller,root,801,801,0,0.0,0.0,0.9413233458177278,668.2885461922597,587.7567,1294.5543,3078.2583,31610.5107,1264.414
texteller,set,33,33,0,0.0,0.0,0.9696969696969697,406.3809969696969,343.2924,731.3993199999998,1119.3325,31610.5107,1264.414
texteller,subscript,177,177,0,0.0,0.0,0.9491525423728814,565.8692960451978,517.5072,1109.9000399999998,2025.5599,31610.5107,1264.414
texteller,summation,177,177,0,0.0,0.0,0.22033898305084745,699.5683141242938,611.7543,1371.3682799999997,3065.9648,31610.5107,1264.414
texteller,superscript_subscript,53,53,0,0.0,0.0,0.8113207547169812,825.0520132075471,782.054,1529.1242599999998,1735.961,31610.5107,1264.414
texteller,trigonometry,296,296,0,0.0,0.0,0.918918918918919,469.2519513513513,399.14925000000005,949.7931,1779.7095,31610.5107,1264.414
texteller,variable,428,428,0,0.0,0.0,0.955607476635514,358.0013593457944,301.48405,650.9789549999998,2561.0383,31610.5107,1264.414
unimernet,all,6332,6332,0,0.0,0.5955464308275427,0.5960202147820594,1224.36021151295,1083.3713,2550.0928949999998,13326.8481,43338.9072,483.594
unimernet,arithmetic,138,138,0,0.0,0.7898550724637681,0.7898550724637681,855.6300702898551,701.1621,1669.3991700000001,2711.038,43338.9072,483.594
unimernet,equation,1599,1599,0,0.0,0.5909943714821764,0.592245153220763,1165.9889343964978,1051.0766,2301.879199999999,4574.2127,43338.9072,483.594
unimernet,exponent,216,216,0,0.0,0.5972222222222222,0.5972222222222222,1093.1648583333333,936.987,2213.2434999999996,3836.1934,43338.9072,483.594
unimernet,fraction,2069,2069,0,0.0,0.6442725954567424,0.6442725954567424,1468.8199882068632,1338.8114,2759.80212,13326.8481,43338.9072,483.594
unimernet,integral,194,194,0,0.0,0.4020618556701031,0.4020618556701031,1046.2974845360825,845.12885,2406.98667,4048.0083,43338.9072,483.594
unimernet,limit,99,99,0,0.0,0.3434343434343434,0.3434343434343434,1316.2044818181819,1147.3855,2570.7733999999996,3034.9717,43338.9072,483.594
unimernet,logarithm,47,47,0,0.0,0.425531914893617,0.44680851063829785,678.6068170212766,568.8917,1294.4138899999994,1748.1185,43338.9072,483.594
unimernet,nested_fraction,4,4,0,0.0,0.25,0.25,1964.7173500000001,1873.5936000000002,2597.3229650000003,2656.8524,43338.9072,483.594
unimernet,partial_derivative,1,1,0,0.0,0.0,0.0,2670.44,2670.44,2670.44,2670.44,43338.9072,477.988
unimernet,root,801,801,0,0.0,0.6117353308364545,0.6117353308364545,1345.7134652933835,1139.7915,2825.9919,7930.2068,43338.9072,483.594
unimernet,set,33,33,0,0.0,0.6363636363636364,0.6363636363636364,587.0589606060606,440.0661,1273.5211999999992,2651.0012,43338.9072,483.594
unimernet,subscript,177,177,0,0.0,0.3954802259887006,0.3954802259887006,1109.2443604519774,935.268,2368.76408,4339.9955,43338.9072,483.594
unimernet,summation,177,177,0,0.0,0.4180790960451977,0.4180790960451977,1537.0548683615818,1359.6307,3154.3499199999997,6680.913,43338.9072,483.594
unimernet,superscript_subscript,53,53,0,0.0,0.22641509433962265,0.22641509433962265,2005.9088698113208,1667.0254,4350.814179999999,5281.3618,43338.9072,483.594
unimernet,trigonometry,296,296,0,0.0,0.581081081081081,0.581081081081081,764.8437891891892,615.6164,1771.521125,2522.9593,43338.9072,483.594
unimernet,variable,428,428,0,0.0,0.6612149532710281,0.6612149532710281,516.2203887850467,397.13815,1079.9540449999997,2181.9909,43338.9072,483.594
